<?xml version="1.0" encoding="UTF-8"?>
<BaliMessageLog>
    <Task name="Map">
        <Message>
            <ID>51001030</ID>
            <Severity>Warning</Severity>
            <Dynamic>reset_n_c</Dynamic>
        </Message>
    </Task>
    <Task name="PAR">
        <Message>
            <ID>61061045</ID>
            <Severity>Warning</Severity>
        </Message>
        <Message>
            <ID>61061008</ID>
            <Severity>Warning</Severity>
            <Dynamic>reset_n_c</Dynamic>
            <Dynamic>Secondary</Dynamic>
            <Dynamic>reset_n</Dynamic>
            <Dynamic>B3</Dynamic>
            <Dynamic>Secondary</Dynamic>
        </Message>
    </Task>
    <Task name="Synplify_Synthesis">
        <Message>
            <ID>2011000</ID>
            <Severity>Info</Severity>
        </Message>
        <Message>
            <ID>2019991</ID>
            <Severity>Warning</Severity>
            <Dynamic>CL260 :&quot;D:\OneDrive - Confederation College\Semester 4\HDL Programming\Labs\Lab08\EM411-LAB008\impl1\source\uart_tx_8n1.vhd&quot;:33:2:33:3|Pruning register bit 9 of tx_buffer(9 downto 0). If this is not the intended behavior, drive the input with valid values, or an input from the top level.</Dynamic>
            <Navigation>CL260</Navigation>
            <Navigation>D:\OneDrive - Confederation College\Semester 4\HDL Programming\Labs\Lab08\EM411-LAB008\impl1\source\uart_tx_8n1.vhd</Navigation>
            <Navigation>33</Navigation>
            <Navigation>2</Navigation>
            <Navigation>33</Navigation>
            <Navigation>3</Navigation>
            <Navigation>Pruning register bit 9 of tx_buffer(9 downto 0). If this is not the intended behavior, drive the input with valid values, or an input from the top level.</Navigation>
        </Message>
        <Message>
            <ID>2019991</ID>
            <Severity>Warning</Severity>
            <Dynamic>MT529 :&quot;d:\onedrive - confederation college\semester 4\hdl programming\labs\lab08\em411-lab008\impl1\source\uart_tx_8n1.vhd&quot;:33:2:33:3|Found inferred clock top|clk which controls 77 sequential elements including uut.tx_state[1]. This clock has no specified timing constraint which may prevent conversion of gated or generated clocks and may adversely impact design performance.</Dynamic>
            <Navigation>MT529</Navigation>
            <Navigation>d:\onedrive - confederation college\semester 4\hdl programming\labs\lab08\em411-lab008\impl1\source\uart_tx_8n1.vhd</Navigation>
            <Navigation>33</Navigation>
            <Navigation>2</Navigation>
            <Navigation>33</Navigation>
            <Navigation>3</Navigation>
            <Navigation>Found inferred clock top|clk which controls 77 sequential elements including uut.tx_state[1]. This clock has no specified timing constraint which may prevent conversion of gated or generated clocks and may adversely impact design performance. </Navigation>
        </Message>
        <Message>
            <ID>2019993</ID>
            <Severity>Warning</Severity>
            <Dynamic>MT420 |Found inferred clock top|clk with period 10.00ns. Please declare a user-defined clock on port clk.</Dynamic>
            <Navigation>MT420</Navigation>
            <Navigation>Found inferred clock top|clk with period 10.00ns. Please declare a user-defined clock on port clk.</Navigation>
        </Message>
    </Task>
</BaliMessageLog>